{"loss": [0.7082549929618835, 0.6931784749031067, 0.6931923627853394, 0.6936038136482239, 0.6930134296417236, 0.6900230646133423, 0.6009067296981812, 0.4015759229660034, 0.3415418565273285, 0.21477720141410828, 0.1606273055076599, 0.11778079718351364, 0.11752317100763321, 0.05899835750460625, 0.054387036710977554, 0.038095489144325256, 0.028042247518897057, 0.014465984888374805, 0.007075097411870956, 0.003895421279594302], "accuracy": [0.5049999952316284, 0.5, 0.49000000953674316, 0.5137500166893005, 0.512499988079071, 0.5649999976158142, 0.6956250071525574, 0.8337500095367432, 0.8668749928474426, 0.9162499904632568, 0.9399999976158142, 0.956250011920929, 0.9587500095367432, 0.9800000190734863, 0.9818750023841858, 0.9856250286102295, 0.9887499809265137, 0.9956250190734863, 0.9987499713897705, 0.9993749856948853], "val_loss": [0.6931293606758118, 0.6931294798851013, 0.6929577589035034, 0.6921951770782471, 0.6928993463516235, 0.6714262366294861, 0.49965178966522217, 0.32615065574645996, 0.42834973335266113, 0.3063911199569702, 0.2292962670326233, 0.23849309980869293, 0.34420204162597656, 0.3190629780292511, 0.27429237961769104, 0.30497097969055176, 0.33364665508270264, 0.3510740399360657, 0.4038081765174866, 0.4181384742259979], "val_accuracy": [0.5, 0.5, 0.5699999928474426, 0.5799999833106995, 0.5024999976158142, 0.6150000095367432, 0.7875000238418579, 0.8700000047683716, 0.8149999976158142, 0.8799999952316284, 0.925000011920929, 0.9200000166893005, 0.9075000286102295, 0.9175000190734863, 0.9175000190734863, 0.9150000214576721, 0.9150000214576721, 0.925000011920929, 0.9225000143051147, 0.9175000190734863]}