{"loss": [36.07170486450195, 2.1804699897766113, 0.7795696258544922, 0.7283507585525513, 0.7035720944404602, 0.6988484263420105, 0.691087543964386, 0.694094717502594, 0.6936821937561035, 0.7080397605895996, 0.6957127451896667, 0.6911147236824036, 0.6911260485649109, 0.6950939893722534, 0.6910467743873596, 0.7180827856063843, 0.6943909525871277, 0.6916079521179199, 0.6895975470542908, 0.6916643381118774], "accuracy": [0.45750001072883606, 0.4906249940395355, 0.5068749785423279, 0.503125011920929, 0.4856249988079071, 0.5043749809265137, 0.5212500095367432, 0.518750011920929, 0.5056250095367432, 0.515625, 0.5118749737739563, 0.5143749713897705, 0.5318750143051147, 0.5112500190734863, 0.5131250023841858, 0.5162500143051147, 0.5218750238418579, 0.5199999809265137, 0.5199999809265137, 0.5231249928474426], "val_loss": [2.9015493392944336, 5.83711051940918, 3.291090965270996, 2.812685012817383, 2.570797920227051, 2.548225164413452, 2.3200254440307617, 1.6870945692062378, 1.1171430349349976, 0.8994265198707581, 0.7551475763320923, 0.7112209796905518, 0.7166769504547119, 0.7133898735046387, 0.7262722253799438, 0.7210848927497864, 0.7161116600036621, 0.7358145713806152, 0.7261428236961365, 0.7115042209625244], "val_accuracy": [0.5099999904632568, 0.5, 0.49000000953674316, 0.4724999964237213, 0.4424999952316284, 0.45249998569488525, 0.4375, 0.42500001192092896, 0.44749999046325684, 0.41749998927116394, 0.45750001072883606, 0.512499988079071, 0.45249998569488525, 0.4449999928474426, 0.4099999964237213, 0.4099999964237213, 0.4399999976158142, 0.4000000059604645, 0.41749998927116394, 0.48500001430511475]}