{"loss": [0.7008507251739502, 0.6937273144721985, 0.6941166520118713, 0.6948512196540833, 0.6929967999458313, 0.6857225894927979, 0.5826060771942139, 0.38125279545783997, 0.22611650824546814, 0.18390347063541412], "accuracy": [0.4937500059604645, 0.5149999856948853, 0.5212500095367432, 0.5056250095367432, 0.5287500023841858, 0.5724999904632568, 0.706250011920929, 0.8487499952316284, 0.9168750047683716, 0.9350000023841858], "val_loss": [0.6932204961776733, 0.6936286091804504, 0.6940748691558838, 0.6932546496391296, 0.6969378590583801, 0.6558598875999451, 0.42403775453567505, 0.21220900118350983, 0.27793416380882263, 0.1183052808046341], "val_accuracy": [0.4625000059604645, 0.49000000953674316, 0.5, 0.49000000953674316, 0.5274999737739563, 0.5199999809265137, 0.8299999833106995, 0.925000011920929, 0.8899999856948853, 0.9624999761581421]}