{"loss": [0.7024600505828857, 0.6932990550994873, 0.6932374835014343, 0.6934454441070557, 0.6938095092773438, 0.6934149861335754, 0.6935604810714722, 0.6925032734870911, 0.6682316064834595, 0.4837612211704254, 0.31621992588043213, 0.2084043323993683, 0.15960600972175598, 0.12434174865484238, 0.08992613106966019, 0.050717562437057495, 0.07998520135879517, 0.03972109034657478, 0.035875409841537476, 0.021306149661540985], "accuracy": [0.5012500286102295, 0.48124998807907104, 0.48750001192092896, 0.49000000953674316, 0.49437499046325684, 0.4868749976158142, 0.5081250071525574, 0.518750011920929, 0.5862500071525574, 0.793749988079071, 0.8687499761581421, 0.9181249737739563, 0.9412500262260437, 0.949999988079071, 0.9631249904632568, 0.9825000166893005, 0.9750000238418579, 0.9868749976158142, 0.9887499809265137, 0.9931250214576721], "val_loss": [0.6931672096252441, 0.6931617259979248, 0.6931493282318115, 0.6932404041290283, 0.6930827498435974, 0.6933375000953674, 0.6941710114479065, 0.6974563002586365, 0.6426190137863159, 0.40529003739356995, 0.2577386498451233, 0.17381666600704193, 0.19581305980682373, 0.2177354395389557, 0.18353590369224548, 0.2116752564907074, 0.20445263385772705, 0.17737196385860443, 0.19790150225162506, 0.3655991852283478], "val_accuracy": [0.5, 0.5, 0.5, 0.48500001430511475, 0.5, 0.46000000834465027, 0.48750001192092896, 0.5074999928474426, 0.7174999713897705, 0.8675000071525574, 0.8999999761581421, 0.9375, 0.9275000095367432, 0.9225000143051147, 0.9424999952316284, 0.9524999856948853, 0.9449999928474426, 0.9424999952316284, 0.9474999904632568, 0.9125000238418579]}