{"loss": [9.51693344116211, 0.693156898021698, 0.6931669116020203, 0.6931880116462708, 0.6931776404380798, 0.6931724548339844, 0.6931709051132202, 0.693209707736969, 0.6932225227355957, 0.6932035088539124], "accuracy": [0.48249998688697815, 0.4925000071525574, 0.4937500059604645, 0.49125000834465027, 0.48124998807907104, 0.4950000047683716, 0.49000000953674316, 0.47874999046325684, 0.47874999046325684, 0.4712499976158142], "val_loss": [0.6931473612785339, 0.6931473016738892, 0.6931474804878235, 0.6931474208831787, 0.6931471824645996, 0.6931473016738892, 0.6931480169296265, 0.6931473016738892, 0.6931474208831787, 0.6931489706039429], "val_accuracy": [0.5, 0.5, 0.5, 0.5, 0.5, 0.5, 0.5, 0.5, 0.5, 0.5]}