{"loss": [0.9277881383895874, 0.6949505805969238, 0.6924432516098022, 0.6934430003166199, 0.6910437941551208, 0.691936194896698, 0.69068443775177, 0.687091052532196, 0.6879539489746094, 0.6824065446853638, 0.681626558303833, 0.680553674697876, 0.6754907369613647, 0.6681680083274841, 0.6666663289070129, 0.6559770703315735, 0.6531394720077515, 0.6456694602966309, 0.6353825330734253, 0.6370487809181213], "accuracy": [0.4793750047683716, 0.5018749833106995, 0.49437499046325684, 0.5018749833106995, 0.5243750214576721, 0.5056250095367432, 0.5262500047683716, 0.5381249785423279, 0.5293750166893005, 0.5487499833106995, 0.5543749928474426, 0.5687500238418579, 0.5793750286102295, 0.5793750286102295, 0.5631250143051147, 0.590624988079071, 0.59375, 0.6118749976158142, 0.6318749785423279, 0.606249988079071], "val_loss": [0.6932840943336487, 0.6931725144386292, 0.693816602230072, 0.6933124661445618, 0.6933637261390686, 0.693673312664032, 0.6961795687675476, 0.700114369392395, 0.7026225328445435, 0.7076805830001831, 0.7166799306869507, 0.7243409752845764, 0.716579258441925, 0.7443287372589111, 0.7370826601982117, 0.7709310054779053, 0.7832437753677368, 0.7831189632415771, 0.8059995770454407, 0.7943324446678162], "val_accuracy": [0.5, 0.5, 0.5, 0.48249998688697815, 0.5, 0.5, 0.4350000023841858, 0.44749999046325684, 0.39750000834465027, 0.38999998569488525, 0.3400000035762787, 0.3675000071525574, 0.4025000035762787, 0.35749998688697815, 0.3400000035762787, 0.4074999988079071, 0.4124999940395355, 0.3400000035762787, 0.29750001430511475, 0.3174999952316284]}