{"loss": [0.7132518291473389, 0.6932046413421631, 0.693156898021698, 0.6932978630065918, 0.6937674880027771, 0.6934729814529419, 0.6915479302406311, 0.6502236723899841, 0.4819282293319702, 0.3293975591659546, 0.23572538793087006, 0.17444393038749695, 0.1510027050971985, 0.13085077702999115, 0.07358000427484512, 0.08045422285795212, 0.04786664992570877, 0.058718644082546234, 0.046905454248189926, 0.026277683675289154], "accuracy": [0.5024999976158142, 0.49437499046325684, 0.5012500286102295, 0.49937498569488525, 0.5024999976158142, 0.5174999833106995, 0.5199999809265137, 0.612500011920929, 0.7856249809265137, 0.8737499713897705, 0.9068750143051147, 0.9312499761581421, 0.9424999952316284, 0.9549999833106995, 0.971875011920929, 0.9731249809265137, 0.9850000143051147, 0.9806249737739563, 0.9837499856948853, 0.9918749928474426], "val_loss": [0.6931790113449097, 0.6931774020195007, 0.6931354999542236, 0.6945358514785767, 0.6936489343643188, 0.6932985782623291, 0.6898877024650574, 0.5806064009666443, 0.36356058716773987, 0.29658105969429016, 0.28477492928504944, 0.2809472680091858, 0.31483468413352966, 0.2837873697280884, 0.3330647349357605, 0.31040558218955994, 0.3365943431854248, 0.3615003228187561, 0.4413837492465973, 0.5622320175170898], "val_accuracy": [0.5, 0.5, 0.512499988079071, 0.5, 0.5, 0.5, 0.5274999737739563, 0.7524999976158142, 0.8650000095367432, 0.8924999833106995, 0.887499988079071, 0.9125000238418579, 0.887499988079071, 0.9100000262260437, 0.9100000262260437, 0.9125000238418579, 0.9150000214576721, 0.8999999761581421, 0.8999999761581421, 0.9150000214576721]}