{"loss": [0.7190538644790649, 0.6932305693626404, 0.6932244300842285, 0.6938915252685547, 0.69120192527771, 0.6864691376686096, 0.5665226578712463, 0.3461917042732239, 0.2766178548336029, 0.17224352061748505, 0.12631529569625854, 0.11601255089044571, 0.07214385271072388, 0.055416468530893326, 0.0795731469988823, 0.04976261034607887, 0.034402646124362946, 0.03250955045223236, 0.029907135292887688, 0.024670351296663284], "accuracy": [0.49687498807907104, 0.5, 0.5, 0.5143749713897705, 0.5350000262260437, 0.5899999737739563, 0.7143750190734863, 0.8606250286102295, 0.8856250047683716, 0.9275000095367432, 0.9481250047683716, 0.9556249976158142, 0.9706249833106995, 0.9768750071525574, 0.9693750143051147, 0.981249988079071, 0.9850000143051147, 0.9887499809265137, 0.9900000095367432, 0.9918749928474426], "val_loss": [0.6931803226470947, 0.6932940483093262, 0.693031370639801, 0.6930702328681946, 0.696574866771698, 0.6647099852561951, 0.4140227437019348, 0.3539954125881195, 0.3117479979991913, 0.3060084283351898, 0.46989327669143677, 0.313195139169693, 0.36459991335868835, 0.6588881611824036, 0.4928932189941406, 0.505922794342041, 0.48669636249542236, 0.6462445259094238, 0.6050669550895691, 0.7328303456306458], "val_accuracy": [0.5, 0.5, 0.4975000023841858, 0.5174999833106995, 0.5199999809265137, 0.5274999737739563, 0.800000011920929, 0.8424999713897705, 0.862500011920929, 0.9024999737739563, 0.8500000238418579, 0.887499988079071, 0.9024999737739563, 0.8399999737739563, 0.887499988079071, 0.875, 0.8849999904632568, 0.862500011920929, 0.8774999976158142, 0.8374999761581421]}