{"loss": [46.317230224609375, 3.4924850463867188, 0.8848294615745544, 0.705598771572113, 0.7036064267158508, 0.6952118873596191, 0.6984621286392212, 0.6948368549346924, 0.6931809186935425, 0.6929277777671814, 0.6929123401641846, 0.6920125484466553, 0.7009466290473938, 0.694170355796814, 0.6921741962432861, 0.691321849822998, 0.6944988369941711, 0.696024477481842, 0.6911988854408264, 0.6950331926345825], "accuracy": [0.4881249964237213, 0.49437499046325684, 0.4918749928474426, 0.49937498569488525, 0.5024999976158142, 0.5, 0.5049999952316284, 0.5049999952316284, 0.5093749761581421, 0.5162500143051147, 0.49437499046325684, 0.5068749785423279, 0.5112500190734863, 0.5006250143051147, 0.503125011920929, 0.5112500190734863, 0.5049999952316284, 0.5143749713897705, 0.5056250095367432, 0.4950000047683716], "val_loss": [22.047569274902344, 41.70209884643555, 62.63859939575195, 46.9069938659668, 32.45159912109375, 16.94831657409668, 6.277517318725586, 1.9716546535491943, 1.0184115171432495, 0.8055295348167419, 0.7659448981285095, 0.7879997491836548, 0.7329758405685425, 0.7345807552337646, 0.7429702877998352, 0.7896060347557068, 0.7633000016212463, 0.7595798373222351, 0.7676993012428284, 0.7628639340400696], "val_accuracy": [0.4749999940395355, 0.5, 0.5, 0.5, 0.5, 0.5, 0.4975000023841858, 0.46000000834465027, 0.4749999940395355, 0.4650000035762787, 0.4650000035762787, 0.45750001072883606, 0.47999998927116394, 0.4350000023841858, 0.4300000071525574, 0.39500001072883606, 0.48750001192092896, 0.45500001311302185, 0.4650000035762787, 0.4749999940395355]}