{"loss": [23.45734214782715, 0.7013107538223267, 0.6917266845703125, 0.6907321214675903, 0.6893181800842285, 0.685100257396698, 0.682405412197113, 0.6662757396697998, 0.6216023564338684, 0.29653576016426086, 0.23464204370975494, 0.11071474105119705, 0.02946554124355316, 0.025409623980522156, 0.0077712819911539555, 0.007221434265375137, 0.003490903414785862, 0.003973552491515875, 0.0033413483761250973, 0.003055806737393141], "accuracy": [0.4975000023841858, 0.5, 0.5256249904632568, 0.5249999761581421, 0.5393750071525574, 0.550000011920929, 0.581250011920929, 0.5856249928474426, 0.6768749952316284, 0.8725000023841858, 0.918749988079071, 0.9693750143051147, 0.9906250238418579, 0.9931250214576721, 0.9993749856948853, 0.9975000023841858, 0.9993749856948853, 0.9981250166893005, 0.9993749856948853, 0.9993749856948853], "val_loss": [22.293701171875, 2.158113956451416, 1.8195384740829468, 2.2980618476867676, 2.2712748050689697, 3.062983989715576, 3.6301543712615967, 2.736553907394409, 8.024285316467285, 1.5813477039337158, 10.46635627746582, 1.5671920776367188, 0.11403848975896835, 1.2409586906433105, 0.046398963779211044, 0.038833022117614746, 0.030746230855584145, 0.06305176019668579, 0.13080966472625732, 0.031674690544605255], "val_accuracy": [0.5024999976158142, 0.5600000023841858, 0.5249999761581421, 0.5, 0.5, 0.5, 0.5, 0.5, 0.5, 0.5475000143051147, 0.5, 0.5274999737739563, 0.9649999737739563, 0.6225000023841858, 0.9825000166893005, 0.9850000143051147, 0.9900000095367432, 0.9825000166893005, 0.9800000190734863, 0.9900000095367432]}