{"loss": [1.2824525833129883, 0.695342481136322, 0.6933199167251587, 0.6936200857162476, 0.693024754524231, 0.6914432644844055, 0.6937920451164246, 0.6905925869941711, 0.6898890137672424, 0.6891441345214844, 0.6919201016426086, 0.688789427280426, 0.687058687210083, 0.6851654052734375, 0.6859729886054993, 0.6886847615242004, 0.6819528937339783, 0.680101215839386, 0.6768339276313782, 0.6806179285049438], "accuracy": [0.4581249952316284, 0.5212500095367432, 0.5099999904632568, 0.4925000071525574, 0.5087500214576721, 0.5081250071525574, 0.5237500071525574, 0.5087500214576721, 0.53125, 0.5412499904632568, 0.5099999904632568, 0.5356249809265137, 0.5456249713897705, 0.550000011920929, 0.5506250262260437, 0.5431249737739563, 0.5587499737739563, 0.5600000023841858, 0.5799999833106995, 0.5537499785423279], "val_loss": [0.6932785511016846, 0.6931893229484558, 0.6932222247123718, 0.693722665309906, 0.6932727098464966, 0.6951257586479187, 0.6948122978210449, 0.6950891017913818, 0.6985523700714111, 0.7019381523132324, 0.7041491866111755, 0.6968399286270142, 0.7068383693695068, 0.7106424570083618, 0.7220245599746704, 0.707038938999176, 0.7153676748275757, 0.7246268391609192, 0.7352811694145203, 0.7445733547210693], "val_accuracy": [0.5024999976158142, 0.5, 0.5, 0.4975000023841858, 0.5, 0.4724999964237213, 0.4975000023841858, 0.3700000047683716, 0.47999998927116394, 0.4724999964237213, 0.4325000047683716, 0.36500000953674316, 0.44749999046325684, 0.41499999165534973, 0.5049999952316284, 0.3425000011920929, 0.3449999988079071, 0.4050000011920929, 0.4300000071525574, 0.4749999940395355]}