{"loss": [11.62303352355957, 3.0718352794647217, 2.2535958290100098, 1.7284293174743652, 1.18397855758667, 0.8491635322570801, 0.5040725469589233, 0.21953147649765015, 0.1247917115688324, 0.07791899889707565], "accuracy": [0.48374998569488525, 0.5074999928474426, 0.5406249761581421, 0.5362499952316284, 0.5806249976158142, 0.6962500214576721, 0.8262500166893005, 0.918749988079071, 0.9606249928474426, 0.9681249856948853], "val_loss": [0.9026607275009155, 0.7961567640304565, 0.8734980821609497, 0.9731692671775818, 1.3510856628417969, 1.0838096141815186, 3.0479085445404053, 4.955522060394287, 1.7322736978530884, 4.846051216125488], "val_accuracy": [0.4650000035762787, 0.45249998569488525, 0.48750001192092896, 0.45750001072883606, 0.45750001072883606, 0.4675000011920929, 0.48500001430511475, 0.5099999904632568, 0.5699999928474426, 0.5]}