{"loss": [32.598838806152344, 0.7042557597160339, 0.6926264762878418, 0.692024290561676, 0.6873827576637268, 0.6781131029129028, 0.6688531637191772, 0.6505805850028992, 0.6354878544807434, 0.5789355635643005, 0.5146982073783875, 0.4173457622528076, 0.26486024260520935, 0.2326304018497467, 0.15671347081661224, 0.13234971463680267, 0.19354715943336487, 0.10192948579788208, 0.08405321836471558, 0.03599483147263527], "accuracy": [0.49937498569488525, 0.5168750286102295, 0.5337499976158142, 0.5568749904632568, 0.559374988079071, 0.5943750143051147, 0.612500011920929, 0.6131250262260437, 0.668749988079071, 0.7256249785423279, 0.7649999856948853, 0.8224999904632568, 0.8993750214576721, 0.9131249785423279, 0.9418749809265137, 0.9512500166893005, 0.9387500286102295, 0.9624999761581421, 0.9712499976158142, 0.9893749952316284], "val_loss": [7.675831317901611, 1.672301173210144, 3.342111110687256, 4.363725185394287, 4.630697727203369, 4.420382022857666, 3.963326930999756, 2.8362743854522705, 1.2546932697296143, 0.8331548571586609, 0.7887147665023804, 0.8787463307380676, 1.4075051546096802, 1.0381299257278442, 0.8675564527511597, 0.7990343570709229, 1.2503247261047363, 0.7441554069519043, 0.8317389488220215, 1.439935326576233], "val_accuracy": [0.5049999952316284, 0.5400000214576721, 0.5, 0.5, 0.5, 0.5, 0.5, 0.5, 0.5, 0.4950000047683716, 0.4749999940395355, 0.36500000953674316, 0.4025000035762787, 0.550000011920929, 0.6875, 0.6949999928474426, 0.6775000095367432, 0.737500011920929, 0.7049999833106995, 0.7275000214576721]}